{
  "thresholds": [
    0.44999999999999996,
    0.35,
    0.44999999999999996,
    0.39999999999999997,
    0.39999999999999997,
    0.49999999999999994,
    0.39999999999999997,
    0.44999999999999996,
    0.44999999999999996,
    0.3,
    0.35,
    0.5499999999999999,
    0.5999999999999999,
    0.39999999999999997,
    0.49999999999999994,
    0.6499999999999999,
    0.3,
    0.49999999999999994,
    0.39999999999999997,
    0.3,
    0.44999999999999996,
    0.39999999999999997,
    0.44999999999999996,
    0.3,
    0.3,
    0.39999999999999997,
    0.39999999999999997,
    0.3
  ],
  "metrics": {
    "loss": 0.16330708638543173,
    "subset_accuracy": 0.3456407813244402,
    "hamming_accuracy": 0.957862587626761,
    "hamming_loss": 0.04213741237323896,
    "f1_micro": 0.5912354543203764,
    "f1_macro": 0.6149586376472999,
    "f1_per_emotion": [
      0.6136363636363636,
      0.768,
      0.5981735159817352,
      0.44155844155844154,
      0.39069767441860465,
      0.6057142857142858,
      0.5567010309278351,
      0.6283185840707964,
      0.6463414634146342,
      0.41869158878504675,
      0.45045045045045046,
      0.6428571428571429,
      0.7929824561403509,
      0.5276073619631901,
      0.7628865979381443,
      0.8747346072186837,
      0.6736111111111112,
      0.5737704918032787,
      0.804,
      0.6843853820598007,
      0.6695464362850972,
      0.7096774193548387,
      0.33755274261603374,
      0.6687898089171974,
      0.8145896656534954,
      0.5817490494296578,
      0.6484848484848484,
      0.3333333333333333
    ]
  }
}